{"cameraMode":{"drawMode":0,"name":"Shaded","section":"Shading Mode"},"sceneLighting":true,"audioPlay":false,"sceneViewState":{"showFog":true,"showMaterialUpdate":false,"showSkybox":true,"showFlares":true,"showImageEffects":true,"showParticleSystems":true},"in2DMode":false,"pivot":{"x":-0.4573330283164978,"y":0.5183305740356445,"z":-0.8285932540893555},"rotation":{"x":-0.38735583424568179,"y":-0.014662172645330429,"z":0.006152693647891283,"w":-0.9218095541000366},"size":6.530526638031006,"orthographic":false}